<?xml version="1.0" encoding="UTF-8"?>
<project-private xmlns="http://www.netbeans.org/ns/project-private/1">
    <editor-bookmarks xmlns="http://www.netbeans.org/ns/editor-bookmarks/2" lastBookmarkId="0"/>
    <open-files xmlns="http://www.netbeans.org/ns/projectui-open-files/2">
        <group>
            <file>file:/C:/Users/Dell/OneDrive/Desktop/ImportExport/ImportExport/src/importexport/Importor.java</file>
            <file>file:/C:/Users/Dell/OneDrive/Desktop/ImportExport/ImportExport/src/importexport/Dashbord.java</file>
            <file>file:/C:/Users/Dell/OneDrive/Desktop/ImportExport/ImportExport/src/importexport/Login.java</file>
            <file>file:/C:/Users/Dell/OneDrive/Desktop/ImportExport/ImportExport/src/importexport/SignUp.java</file>
            <file>file:/C:/Users/Dell/OneDrive/Desktop/ImportExport/ImportExport/src/importexport/BillDetails.java</file>
            <file>file:/C:/Users/Dell/OneDrive/Desktop/ImportExport/ImportExport/src/importexport/conn.java</file>
            <file>file:/C:/Users/Dell/OneDrive/Desktop/ImportExport/ImportExport/src/importexport/Exportor.java</file>
        </group>
    </open-files>
</project-private>
